{"val_energy_mae":95.26585147828868,"val_force_cosine":0.3693910096172749,"train_force_cosine":0.2643337109456727,"total_epochs":1,"_wandb":{"runtime":79},"_runtime":79.48520201,"_timestamp":1.7685304138748941e+09,"learning_rate":0.0001,"epoch":0,"_step":0,"best_val_loss":2.944343705006801,"train_force_mae":0.050917865494549075,"train_energy_mae":88.5060351455471,"val_force_mae":0.08253938859762408,"train_loss":1.1619692067499885,"val_loss":2.944343705006801,"n_parameters":9605688,"loss":1.835563526327317}