{"val_loss":1.6457323845103526,"train_energy_mae":88.1972365575414,"train_loss":0.6835810551860814,"learning_rate":0.0001,"_runtime":222.575151578,"total_epochs":3,"val_force_cosine":0.42734057334510284,"_wandb":{"runtime":222},"_timestamp":1.768530691408384e+09,"best_val_loss":1.6457323845103526,"loss":0.7889967036385298,"epoch":2,"train_force_cosine":0.34059404233822077,"n_parameters":9605688,"train_force_mae":0.03858277585856289,"val_energy_mae":94.98740445011079,"_step":2,"val_force_mae":0.06403134917438773}